CustomerId,CurrentBalance
100003,975.1717514719359
100004,557.529858110765
100005,670.1793384079583
100006,282.9539252876233
100009,918.0699121401422
100011,469.5706380565514
100014,252.67895131679643
100018,98.1865393859535
100019,314.51669260851196
100024,370.7193791580945
100026,56.20342315504759
100030,359.2666221582464
100032,156.85529313001814
100033,176.0034737462632
100034,129.79546422043094
100039,146.2186952746159
100041,652.274290238586
100044,496.3364507512439
100047,403.52142923455796
100051,111.4780274422043
100053,415.99552846968305
100058,423.03307606322653
100059,557.8697813463074
100066,131.27899756512858
100072,224.2811982678155
100077,746.0620590499459
100080,539.5143692240983
100081,232.7007850345086
100082,862.6300332593938
100084,947.2514050417203
100096,781.6234872611643
100098,236.69998133940777
100102,263.0103979519299
100113,253.67871363936982
100114,15.725404940563454
100116,331.1836449001972
100120,708.5965608237568
100123,710.9789956336675
100124,31.485234424618817
100125,469.5236300520158
100135,49.36375239348431
100138,52.148374746575264
100139,260.4994257673486
100142,213.76739101831518
100147,135.74656470232165
100148,871.4465821842806
100151,43.10792017288455
100154,258.3178786807559
100156,564.4262040587803
100157,530.5486397034546
100159,139.80789086734578
100163,246.90254568581042
100164,659.410992834068
100170,375.7023686112218
100174,761.8196618348542
100175,722.4496095687441
100178,437.1799066417816
100184,645.0747990211202
100189,506.28436021684405
100191,134.28076565109438
100193,4.331391538149851
100196,140.83617268037614
100199,407.688557287546
100205,940.4418789887995
100206,513.3340457137108
100211,217.66664747295573
100218,655.92054625037
100220,969.4198681813958
100225,170.57811575767548
100227,971.3356007646189
100229,150.7977434212565
100231,79.7209170365217
100233,73.76959877230075
100234,438.55240448975405
100235,244.75216715271543
100241,839.3465376522722
100251,185.4233754839067
100254,311.9136145824015
100256,667.8334574192731
100257,601.8282828168328
100259,555.9282184790787
100264,450.35474901073485
100266,99.54122948359807
100267,123.50765088402778
100271,95.96803551323075
100273,604.5743935960496
100278,164.50073811102757
100280,345.8414904078319
100283,659.97631848915
100284,808.6784302698331
100286,630.9666381110866
100287,729.5497123033158
100288,838.5250275296124
100290,243.68701571794338
100292,446.8767169532055
100294,322.1318275828573
100296,394.25462184516095
100299,296.5382879813998
100300,56.338405353009435
100303,583.424663276514
100306,313.2679400000936
100307,732.316393375211
100309,577.7846508919049
100311,468.19939662381296
100312,533.8512548382772
100313,364.36120855446495
100315,897.1601443941307
100316,519.4321032490215
100320,33.937532404442635
100321,180.30199426686403
100322,161.7159889023924
100323,248.06359834451948
100324,270.6235107326601
100328,495.7920131018173
100330,734.9346189953252
100331,245.1348671489068
100334,874.324039568946
100336,896.1718190926567
100337,243.45973568296787
100344,885.4137759393619
100345,605.523808724699
100346,527.3087702571038
100349,437.63553542232853
100352,161.6295894966495
100354,60.94817265572978
100357,331.6075736130496
100358,412.29041306504064
100360,931.9826626291917
100361,895.6163373407202
100365,799.9506877500447
100369,434.8372675848256
100378,124.73535481928647
100380,292.68775163279975
100381,727.4325369812544
100382,61.472771772573445
100383,536.5085201066527
100385,909.7981958316673
100388,490.5053290111918
100389,32.06808946021644
100391,179.7474719371055
100400,718.5008408975917
100401,288.88860036370113
100403,274.9018307751782
100408,977.090580093328
100410,405.71990541745294
100413,589.1042768764783
100421,763.5043243222697
100422,1.0522610029141024
100429,494.48459599403833
100430,160.48721510778734
100438,924.7138911140358
100440,135.94314118734292
100442,644.1636239694897
100443,260.63018863915767
100444,184.47159739982106
100445,683.9061088320829
100448,51.39084399673832
100451,88.73013394611758
100454,999.390467775848
100459,426.1991664438233
100464,516.0840423157985
100465,709.3908317734999
100467,521.4521636214647
100470,38.306603015691316
100471,735.6429621505335
100475,498.80886060796945
100482,507.2115370240965
100488,521.0238982397607
100490,929.8609956651015
100491,80.16470369272373
100492,25.345419332855617
100493,508.5529755225249
100495,320.7978065370813
100496,957.3673600233035
100497,375.0382640033844
100503,623.4655554918521
100505,131.9258394697091
100506,261.42329719571796
100507,338.1195582139157
100508,74.08023142938278
100511,10.64284250432692
100514,673.9082611788705
100516,720.5552869117176
100518,331.5412991361876
100520,552.7286328889363
100521,250.93333467096934
100523,101.73357771736876
100524,718.3048073006514
100526,424.43494828913737
100530,589.1051415237071
100531,432.44749519828724
100532,235.469165424854
100534,545.8193959533555
100535,538.4125832692101
100537,969.62256054181
100541,487.0618425383866
100546,15.871111047667075
100548,566.8699281967282
100550,528.6173008679308
100555,807.2375309470298
100558,797.2482180078425
100561,242.80463033797744
100563,759.1988213758374
100567,331.76250454200584
100569,471.7520214854273
100581,264.6939518597392
100583,619.8026960241809
100585,332.2202977489613
100592,395.3027985924846
100597,751.5757423312125
100598,436.70814535055473
100604,20.96676790245687
100605,665.9739943386763
100607,438.0018294741655
100610,466.611422801251
100611,762.2431560356239
100613,478.3227690783463
100617,272.203605388079
100619,634.3947273562314
100621,189.85174501951013
100623,225.66824299955687
100624,466.34525802231525
100626,937.0819548872794
100627,398.8392738288921
100629,389.30602831303406
100630,256.96438775952356
100636,532.0734488228445
100637,380.91570030864466
100642,288.3821128974812
100643,23.559113981378083
100646,627.5918113156646
100648,911.8066519404374
100652,604.2277814162459
100653,707.138472572609
100660,420.7849229423406
100665,69.72152310598575
100666,334.1967394019606
100667,817.9056727985728
100669,192.52952357964637
100670,158.13832021038473
100678,85.79163509087546
100679,475.7779246904441
100682,119.53368640070117
100684,69.35152929005167
100685,254.9702213663799
100691,544.1041028073089
100694,286.33420933313516
100695,736.3628785435936
100696,178.9508071030318
100697,314.97582453030674
100705,246.36940398202685
100707,727.064933986211
100708,73.76544719310901
100712,835.0176681375093
100714,478.14976943029865
100716,331.24878631745963
100717,871.8752004858238
100718,94.46195484196015
100719,332.38856312932626
100723,65.8607010216484
100729,234.8551488212072
100732,539.4515591741349
100733,241.93365604211547
100735,194.01578583331658
100736,161.9295370569066
100737,762.7740739903361
100740,59.24577808450418
100741,67.98739709854406
100751,217.82917187036975
100752,103.97204580993139
100754,134.17853335116354
100756,49.884992151122916
100758,812.5452073663465
100761,1.0479986388173046
100763,14.953548768780152
100767,660.9416475819673
100768,642.2060185159702
100773,120.83215305688081
100774,105.2311875023544
100776,291.1608562125677
100779,42.74059968248368
100780,69.44115058710709
100782,184.06718866927923
100784,310.50911808417897
100788,333.22402818441964
100793,656.9530943757941
100796,326.5087596019688
100799,360.24670954095313
100802,747.5403983287558
100803,82.17232272471571
100806,381.6007462402765
100808,226.4357011573155
100809,534.0349223132467
100811,11.585553857317477
100812,146.81745512456652
100815,107.85034745957354
100816,89.00669311654859
100818,954.7526176541784
100822,330.0489109054167
100828,405.6002877438178
100834,7.1889749799758835
100837,888.9212269267578
100838,163.69037335663836
100849,685.1998256644042
100851,667.6146316249593
100854,550.848071591794
100857,876.589476085044
100858,211.32553344781743
100859,353.7768171331468
100863,723.6344107675851
100864,218.67660644473187
100869,538.0994674002911
100871,563.0921790346564
100875,363.3418321621466
100876,220.52002871096136
100877,352.90159182929256
100879,950.1348672662201
100881,282.0464624823087
100888,102.71620898514689
100889,363.50083471545753
100893,307.5565095971775
100896,383.4772566563642
100907,465.98387469264134
100916,963.6118589337989
100917,591.1342941775541
100918,235.418817559744
100920,994.6977844026576
100930,364.98670907793047
100932,94.15588475788313
100934,728.7723098916408
100940,323.6937530896888
100941,672.2596063528493
100943,477.73710046390465
100944,869.016277844097
100946,614.2475031513185
100950,922.255745214791
100951,14.064494727642627
100956,282.5732842085432
100960,448.73060100002886
100962,867.9038354558137
100966,619.8415715015715
100972,146.03634381090245
100973,904.432025573368
100978,41.867862339908754
100979,98.86483611394885
100982,527.510959600939
100985,334.4610167848144
100988,542.0592755340153
100990,92.46757535658092
100997,682.1152026030634
101001,556.0814763083599
101003,348.117832737018
101006,701.5180499381353
101008,466.800063639806
101021,841.7183423829077
101024,117.46230827864431
101025,935.9460580317331
101027,839.2630283691325
101031,363.83774137234406
101036,550.9528346053468
101039,813.8705957688031
101041,686.7242472141103
101043,677.7705701543618
101044,612.0506799403331
101050,654.8776915596184
101054,209.76093760785565
101060,737.1305019603345
101062,173.54729042033165
101064,242.43024420963462
101065,297.98643619399115
101069,478.180238103927
101079,260.59053414542666
101082,669.0046168230605
101083,395.38087706523675
101085,193.76666969954442
101091,53.72738344566902
101092,105.44802622651031
101094,204.85737314160193
101097,546.4693995097862
101101,477.9212706889445
101106,12.964363536136894
101109,334.7569238145037
101111,148.5685404241432
101122,844.6026274241224
101129,524.3158462359762
101132,331.4574217626867
101134,578.9934065699279
101136,799.1825208374576
101137,79.28809193762372
101138,57.12994192218511
101147,646.2625327216199
101149,44.124751660116466
101150,801.3134390193343
101153,801.2355150916775
101155,270.18612472432153
101161,914.408242752141
101165,42.48410583591861
101166,67.74978305373065
101167,50.06202542633726
101170,429.25017615411343
101171,89.44738346579886
101174,762.8917996464339
101175,276.5252802528195
101180,949.5066113419997
101185,881.8548444642303
101188,439.3173263114794
101189,68.35096286900087
101190,350.0884929196464
101191,648.2826846062339
101195,987.9055704466242
101198,176.54987921145286
101200,797.2061272295674
101203,381.69576413561765
101209,923.3112458647272
101211,585.1058646651966
101212,977.7913766134571
101213,116.39913186593044
101218,236.65621604509457
101222,528.0740484269173
101228,408.20863156206974
101229,834.5463433009775
101233,679.6025851050978
101237,463.20334504752645
101243,707.4879947033289
101247,876.2341917418194
101248,35.08281851148364
101249,251.17960536682446
101252,553.6691406306907
101257,171.2601141764952
101258,899.7220440747012
101261,386.4563894091979
101264,561.4836376036764
101266,91.15808836032491
101274,718.7381541745261
101276,751.8383869120197
101279,540.2889505433742
101280,26.092498754370006
101283,496.3040284379476
101294,890.0500423525973
101295,67.98972136564424
101297,315.7892565591823
101298,176.00964467395318
101302,17.24011303288333
101306,116.71235752359412
101309,346.862079895514
101310,479.6011451726809
101311,258.81110882441703
101319,864.2062320793482
101320,460.24232363934556
101328,784.3309711420959
101332,400.23944096924106
101335,956.0960508946198
101336,460.55779776624377
101337,426.5483321621301
101339,103.63265010375835
101341,96.67100652928073
101342,235.7606159583784
101346,235.59600010771064
101348,328.5008579033734
101352,155.34696186257545
101353,430.85383709762345
101367,410.2665778421299
101370,50.96096698849578
101372,415.4320911417595
101374,410.343975875122
101375,561.5753304661199
101377,144.93755652105014
101380,538.0230132540662
101391,328.8404666378646
101392,837.345596436891
101396,865.9974323940776
101398,778.2438628372126
101402,229.39347943226758
101403,645.7001043726707
101406,691.3566302537039
101409,812.2585172650678
101413,722.4810778810204
101414,776.3474126252015
101417,434.19118279750063
101419,928.9257482409452
101426,315.45147965603303
101428,300.583936499763
101429,272.41657829262743
101432,381.0511231826431
101433,865.1384301672047
101442,490.4280300189122
101445,353.8115375123801
101450,107.54044820835526
101460,283.88049149025227
101462,31.360689135333892
101464,109.74168124654969
101465,601.2652023284239
101466,664.3464712403226
101467,247.87429224466362
101471,857.5617898868368
101473,136.77703398431746
101475,331.15938915102936
101477,699.3013117689849
101479,239.86825871119305
101487,150.08405742792326
101493,710.052907598244
101496,1.7470885392900122
101502,90.05023836037431
101505,758.0308362158363
101508,34.862717039719655
101511,125.9282135432013
101514,726.2760615547791
101522,704.8576926331032
101523,273.539377085838
101524,575.0898192868506
101534,887.8059897336543
101548,379.6918153039614
101551,114.56048088189148
101555,398.4097967395153
101562,393.00225273553394
101565,148.21505354975218
101571,718.5734744810322
101574,372.8841380300965
101576,399.63884399100823
101577,104.17767448761339
101582,413.2392967572959
101586,694.5717024643192
101589,733.2818418188137
101599,908.4825522880888
101602,582.2022744216868
101609,41.04022242208845
101610,42.85509463485305
101612,846.9835747326564
101623,393.71957372783737
101624,591.7326144352083
101625,50.38243292887782
101626,884.8429623786072
101627,27.255587292432136
101631,135.77690493091754
101632,473.89363153317464
101635,146.58872331355357
101636,362.47845720784625
101646,529.9256257275428
101648,994.4662896558672
101651,160.13797727790367
101653,256.44679773376
101654,908.9443827002842
101655,766.328226488422
101659,182.42171298020168
101665,209.14268017889935
101668,554.8990262914989
101669,84.57298580184502
101674,504.81054762585853
101676,865.1256089662044
101680,703.8778189734778
101681,664.1269685731417
101683,650.7723827813064
101687,749.4117808630951
101692,224.06137658655763
101704,256.6737222758826
101707,4.992201938992893
101708,680.0692008729646
101709,467.2147067657428
101714,799.1515381991267
101715,316.5413168421944
101726,612.6956899901542
101727,324.0889624767246
101730,84.0878199237817
101734,354.2916619146798
101735,223.20766713119707
101736,241.57207942180813
101738,194.77196842905335
101739,108.9687344919283
101740,745.5481395148729
101741,160.7430643537117
101748,512.373781850754
101750,794.4661450284354
101754,64.7032404421821
101758,528.3050893029546
101759,225.76258572908623
101762,938.9988204557928
101765,7.438180188827032
101766,311.80371766348577
101769,906.3502703167147
101774,297.41260679464636
101775,514.7485061646197
101778,53.185066520316795
101781,559.7250460594482
101782,344.7444815541274
101788,131.14854271862635
101790,370.9756044797648
101792,299.51334363413605
101793,861.7629147110479
101799,662.7684898697738
101800,27.14503539918653
101803,371.3768511850498
101809,124.99808815048821
101813,539.614409703405
101814,462.9843511060241
101815,527.8584167150417
101816,926.1496895597794
101817,793.758948082645
101824,640.4725636475504
101825,364.3095714815486
101828,412.2672409472151
101830,853.1979209276578
101832,751.9954772527847
101834,931.1276085799147
101835,36.86854884784476
101844,498.1554589319712
101845,988.8013130635583
101846,104.33011929992198
101848,55.70511506330942
101850,430.4619233010276
101852,513.429958742848
101853,96.17413791440215
101856,625.2734407827348
101858,983.4239345440421
101860,602.7295665730468
101862,570.2374345681316
101865,17.303281054313288
101868,370.6880482021564
101873,959.6285150408836
101876,383.56907200277027
101882,615.7302106356075
101883,500.36509257942174
101884,419.8979329641594
101889,93.89627576472178
101890,456.85495215714604
101893,502.66037388689404
101894,52.00660923385078
101895,896.534740323617
101898,421.4604814071879
101909,324.4002650548192
101911,751.0427436807468
101913,298.56353408189113
101917,164.51317611742687
101921,93.7002318538399
101923,402.90215008373065
101924,271.34608177195565
101926,521.1924098144235
101927,861.6390771672083
101928,138.25353308002474
101929,894.8032738892913
101932,47.965527996946186
101934,710.9688392111759
101936,621.6752239241779
101939,308.8503512774976
101940,79.21990979955251
101943,426.9887330207768
101947,108.18100904035236
101949,774.4660606889153
101951,874.3009106069056
101953,28.94243787583085
101957,83.20965260536418
101958,452.7964976711123
101962,238.137771897231
101968,207.84045510767183
101970,142.23871282217254
101972,636.1721879588785
101973,351.2289138977131
101978,8.994861061639343
101981,34.10809559327781
101984,527.0747271656062
101986,87.84947926286556
101987,106.32147487823268
101991,94.04026346408999
101993,23.960200443178405
101997,496.4487791776513
102001,56.97838872664697
102003,798.4479609415846
102005,7.232067069339764
102006,613.1577109968208
102007,195.16647242406373
102010,670.3403396907703
102013,3.4837986895024535
102014,591.2931851219928
102015,202.29189517103825
102017,991.889640971195
102026,853.2916785651995
102031,413.0391828073381
102038,536.6197661629697
102045,364.7622464129372
102051,216.50145333806822
102058,196.09893794287845
102061,28.27920611375757
102062,515.0976809718721
102063,542.1412188533625
102064,710.6395595792967
102065,950.050600430912
102067,87.76721856049637
102070,222.98504148286702
102075,363.6651958154979
102076,618.2887880883577
102080,496.4571278804145
102084,845.8573868123085
102086,754.0878317915257
102088,521.5792604600414
102094,334.8006257317487
102096,485.7062468743558
102101,75.70665901793457
102102,615.8243440651812
102108,395.83003360422776
102109,994.230722592715
102117,4.011965421799507
102118,282.0200710090324
102119,443.72000627851827
102121,327.0691429612109
102122,4.9733005368224195
102125,229.8108091071538
102126,717.6913326998791
102129,984.7009653709327
102134,955.5212796008801
102135,324.4647382580069
102136,792.6382122958622
102137,368.29732969889193
102139,182.95612864756214
102140,231.3650256774803
102144,259.53853172041613
102149,384.85392468440284
102152,399.0406550703207
102156,140.13393123055528
102157,476.3747144196335
102162,250.14857672180634
102164,152.74686142812118
102173,80.75015842186536
102174,45.67650963744189
102175,351.9813714471518
102184,517.151705632061
102188,313.95802895717213
102199,314.75431648954867
102200,833.4698270605593
102202,938.8403730420091
102209,676.5401284517443
102214,489.49254034379084
102216,262.1371270170189
102218,906.0233970223765
102223,523.8490198918341
102228,516.9727871879527
102231,924.3131566263105
102234,345.3282400334399
102237,64.76574965971264
102239,26.740462202673655
102240,901.9109625173924
102242,414.9185891310431
102245,983.1047135413397
102247,548.3043851865748
102248,406.05340699637094
102249,631.7537284129227
102253,742.2049128859943
102256,352.45704842934515
102257,846.3832915796265
102260,255.69737616378424
102266,472.4724858777484
102268,586.7267463937214
102269,180.40176824380987
102272,426.67080374604393
102273,23.13936636122213
102276,179.33369637470798
102277,621.6814301596052
102278,232.53405442376194
102283,448.0688712089783
102290,697.5401812448902
102296,901.0396060855701
102304,356.6334980600524
102313,205.14958776635834
102317,155.22317397805102
102319,791.9815213875959
102320,172.90481555237704
102324,285.528714873605
102328,54.78387893928383
102333,167.32436730917533
102338,647.1503573839265
102339,12.103336075731681
102340,298.47171569278134
102342,462.03028825489736
102350,404.6122688824325
102351,994.6953005890188
102352,281.1674479419391
102353,141.17537763962207
102354,290.1228688885321
102355,577.9292815694256
102358,465.7939520111691
102359,416.1662562619238
102360,858.651892310037
102365,57.24444994124203
102366,470.72770574291155
102368,401.3755310546334
102370,429.88690432203157
102378,131.68631246232826
102381,583.0240844651402
102383,526.1312603894676
102384,964.6909669157283
102387,139.48274475337473
102389,921.675704870166
102390,153.2358243631968
102397,487.03369842792955
102399,426.0063580156532
102400,629.3013652851964
102401,155.23369008699586
102402,418.7033079408185
102404,174.3836140634352
102408,100.83870169772334
102409,65.75844446527273
102410,316.19936479067616
102412,433.31606395239135
102416,548.30390312068
102419,626.5027934153394
102420,961.47296235375
102424,622.8621145926775
102425,135.93199605860832
102429,388.8564374267271
102430,789.3216085729223
102433,356.00969279189906
102445,153.3722186462574
102448,143.3972626204972
102452,692.4477295732008
102455,344.01214617481014
102457,660.5800460454318
102461,77.5180626007777
102464,21.481809711105342
102466,307.3990201162939
102467,115.26586486028219
102468,200.76386830610986
102473,38.82622434823058
102478,896.5177848924884
102482,230.88950509823005
102487,260.3752428940776
102494,742.833436648618
102495,106.36227746192453
102496,913.4973631246169
102497,445.71955126386143
102500,905.5094578834063
102506,601.6109286679877
102508,46.79424371655885
102509,359.1057827566762
102510,744.6525365048565
102517,240.0156240140373
102523,289.7912553899998
102525,532.417721046521
102527,587.686934024796
102530,332.5707743896097
102531,730.8507960546102
102532,702.5301328203033
102533,299.9796573220571
102541,465.1748150837757
102542,826.7655646808429
102543,96.59784637265962
102550,193.67624766396506
102555,435.44411771292164
102557,974.8991863223467
102559,409.923063193029
102560,517.5544795927827
102564,459.41108537476583
102565,824.9038046877421
102572,409.22167424268554
102573,751.4660079149638
102577,224.49404223017402
102578,840.2211529522006
102579,826.6549565123602
102584,619.5015096472074
102585,814.3540725515244
102591,720.5124405142989
102595,505.7505360548994
102596,129.27563571863436
102600,66.57204466737906
102602,630.6495866093769
102604,171.1139615119314
102608,429.31454105978605
102610,199.64918738252464
102613,720.1769006654231
102619,187.19657878602985
102620,313.19469601532234
102621,644.6663061493223
102622,455.2081592656965
102623,632.3287287829276
102625,347.1012840234773
102635,767.3574025590086
102637,277.2391602307192
102639,586.5052720933712
102640,411.84764075649286
102643,995.4734337649317
102645,786.50264833717
102662,607.6167405158615
102671,210.20720641374243
102675,148.00211777794456
102676,341.0977831183122
102679,438.9578123486314
102682,463.2050911392483
102683,761.1517219204487
102684,209.66459624920435
102688,618.9818546959484
102691,724.3907865181909
102696,441.4039454169544
102698,588.992366432008
102699,592.538747119364
102706,159.76134847099036
102709,559.7792062585928
102710,994.7505697266919
102715,131.68520551066726
102716,6.228101081227959
102719,123.49728851789126
102723,533.6868478190613
102724,708.2873415767332
102727,558.3155341801355
102728,99.52321461710712
102734,265.2725443124163
102738,229.7224577381087
102742,247.66769415456886
102743,99.37891877104765
102747,575.7368997301045
102748,432.1347290023727
102749,984.2027143455941
102750,251.59971921068592
102751,472.4225318895375
102752,93.38642045551582
102753,62.76701951544086
102758,581.1146522538598
102761,696.379543497116
102762,85.45381099699424
102766,739.5814262322484
102771,274.3721936559742
102773,560.0380539364633
102776,42.79189618232102
102779,518.1205294368829
102781,631.7891426209679
102782,416.23750547052634
102783,5.11041181068767
102786,799.4124072037735
102790,566.530411660146
102792,781.0739122666376
102793,423.92149578315605
102796,450.5739962767399
102797,14.673146569043512
102800,270.55867503751443
102802,265.29173253490995
102811,797.9998104224707
102812,56.799357826016305
102814,683.2882394699352
102815,366.1081396417658
102816,374.1828974009952
102818,131.08061243638392
102819,639.9139676623275
102820,561.4411805742243
102823,229.38101884704054
102824,215.65816614383124
102827,21.841112056080007
102831,36.30059069743568
102835,217.29654976621083
102837,36.52465795747271
102843,6.501123837866164
102845,246.37279529921645
102846,358.15315210127415
102847,72.15900874391228
102848,793.1616492517455
102851,486.1351771143427
102852,430.08959670963355
102854,209.9378131186876
102863,938.1870908105126
102864,616.3516010389037
102866,589.8794331581956
102870,352.90723462977195
102871,186.2451734344984
102872,646.7740387320458
102874,740.4480805259828
102877,520.02392302983
102880,892.4651902449393
102881,366.7611173481169
102890,218.04592636547264
102893,810.7670747037739
102894,365.80358579371904
102895,651.0593169683119
102896,474.40883054462535
102897,352.597149853459
102901,155.09088871374112
102902,71.16940848265416
102905,422.3967985706127
102914,856.9755141269395
102916,755.814149228771
102917,663.765002201212
102924,664.7855006061063
102925,598.5281840754719
102927,875.2230001445021
102935,454.3744281959993
102937,249.94144155212263
102938,576.6466662882402
102939,510.96622550853704
102940,194.7701341019287
102942,352.54500245186193
102945,682.0036419682554
102952,182.39666519189296
102953,787.3533571763988
102956,483.3937263366765
102957,638.3381144928566
102959,73.31577718326204
102960,605.2737408449406
102961,118.95914814494122
102969,184.30427270456696
102972,838.0783172374945
102975,483.26180050726344
102980,358.64318132924575
102981,352.58247692138747
102983,255.16451956012892
102984,115.65026607495413
102992,705.209600252315
102996,507.48418393788364
102998,511.68004754497053
102999,194.20588909468793
103005,209.28022235000094
103008,840.1477052380438
103010,91.32573848283889
103014,731.740036271682
103023,744.2008540693984
103024,693.819228602587
103025,912.9516564033515
103028,247.20819428821784
103030,443.3010319165472
103038,135.17376716408063
103040,979.0276429398732
103041,582.0891041333786
103051,87.16901732423116
103055,909.041453972858
103061,686.9116135993082
103062,918.3020135100131
103069,675.1962543229366
103070,415.17584047614906
103072,754.2544249684943
103086,2.2966805222279074
103089,619.9462956861813
103091,114.3302762478911
103092,822.2664921072106
103099,195.73659452765446
103100,226.031780522818
103103,860.6876039806431
103106,122.00220201618775
103107,140.98294131412473
103113,606.1806756730196
103114,896.0781831194103
103117,154.56886228088416
103119,167.16184513636267
103122,115.4725548105174
103123,150.61660352913646
103124,893.4134226076288
103125,120.16552864712308
103131,443.3011093005012
103136,613.7114103827735
103138,128.1782815437967
103139,373.8985771366921
103142,405.10479887595403
103143,226.2792343683065
103145,266.75431450658715
103146,206.88864071633108
103149,156.53090601524832
103155,275.66806674783743
103156,379.42177792316437
103159,81.1566816070957
103162,497.7796630706658
103165,243.56414545987414
103166,39.103659662837885
103169,744.3477026189322
103175,565.3537306913615
103180,78.38214843882422
103181,924.2083841329078
103186,116.97431676471088
103190,111.55484219887977
103193,236.54111156672593
103195,24.547907791414275
103196,602.6952824002649
103197,222.0001147686605
103198,388.72669879751
103199,441.6389477521577
103201,60.31762470079607
103203,179.1175584241971
103208,579.8810567407388
103209,177.85988597933888
103211,857.040063767283
103214,9.676459903003662
103224,10.956606430280054
103226,350.66997195621667
103228,362.6431206974193
103233,241.03119997071303
103235,946.7025026912286
103236,905.8183553859725
103240,916.936438963233
103241,0.2120707741467748
103243,363.46842574477546
103246,670.3132101771392
103247,0.361381426862435
103248,331.53980638463764
103253,309.55864863231324
103259,508.8842150646051
103266,360.3355104357928
103271,977.7134078987397
103274,98.06562109327828
103277,735.0335107313385
103280,752.426951302959
103281,61.7973754500777
103285,683.1962753563229
103288,134.89849260204622
103289,408.7586273102997
103290,714.0298066773767
103291,53.19743171735677
103293,446.5029344134451
103294,378.24184773802375
103296,725.3597438363353
103298,890.3325825130162
103303,281.8129555833667
103309,363.05834794820146
103316,691.1240345819327
103322,222.96421857161158
103327,66.31350728722941
103328,322.20737688908156
103338,930.8017500182052
103344,150.08571131804746
103346,3.8369085306006983
103347,863.1134309939679
103348,224.74826817788323
103351,891.9270875570985
103352,149.50166462280723
103358,351.5720145968073
103360,621.3494038868677
103365,617.6266833560347
103372,329.25268595058736
103375,434.73612739193834
103379,662.7710955048024
103381,17.529536046740795
103384,273.19420391505975
103385,203.58515198000177
103393,549.4247681241516
103394,453.7590405277252
103396,623.6620651853528
103397,894.7966570310374
103401,250.03663436799837
103404,154.04190465779152
103407,142.8602590002162
103417,114.53480738684952
103419,5.817026244392482
103421,257.09265426934246
103423,257.41937035128984
103436,699.9834103379039
103438,548.8394500032822
103439,158.9036377436116
103441,461.2716067493838
103443,271.87692379531217
103444,417.45163049189864
103446,563.6184101280666
103447,951.6052838337214
103448,164.8670184926002
103450,474.55299806046946
103452,599.5355941607861
103453,222.8729905535726
103456,944.5960537040352
103459,576.5392035487993
103464,627.9128018707925
103471,388.8792460431711
103474,362.385178205346
103477,303.05777411723125
103481,978.582894807978
103484,102.42696537107028
103487,79.7876813507358
103488,401.6623606599634
103490,476.34677136083053
103495,580.6041727181783
103499,85.87584593048459
103500,556.0489332888095
103501,234.66655270995744
103502,182.17081799593137
103503,180.34044946512378
103505,39.17157702763239
103506,633.2436519501168
103509,425.4409385394776
103512,680.9891579759964
103514,694.3835819975336
103517,84.1387334519098
103518,17.89819561428374
103519,770.337550533903
103524,269.1545108816227
103526,794.971099246811
103528,988.3366124929935
103530,674.9021436394434
103531,104.99898845222945
103532,322.97948988655173
103534,937.2366275916554
103535,799.1365196768902
103536,629.2145550032756
103541,972.1979844276598
103543,71.60636760463457
103545,523.6583307578973
103547,609.6736873509104
103548,594.6782790167903
103551,153.4207042082562
103553,42.191692277829624
103554,296.8394714174167
103556,875.5571235071138
103557,223.06745752894545
103559,800.0385843917505
103564,349.1723277943555
103570,255.77544209990666
103575,191.99363997979677
103582,82.63555915845335
103583,895.2486993755402
103586,620.8298299211333
103591,766.7818261197551
103593,337.4163768383138
103594,127.47920687334017
103597,118.42119857124887
103601,798.1422116230292
103602,45.11998001219578
103606,538.4395232441518
103607,255.62161168226226
103611,525.78502329814
103616,805.8088006702327
103617,319.9759136631237
103618,159.94887258634444
103621,833.1340236756319
103622,70.576251231183
103628,844.7020499988263
103629,788.3087111442168
103630,687.6707699224742
103631,189.18543302980234
103637,40.04882682766528
103639,412.4989717145913
103640,59.03326003737929
103643,429.4130347264871
103646,61.894353239897306
103649,289.5392605473632
103655,903.2489432800119
103663,15.421585115768105
103665,300.1617556693398
103669,740.0586980884543
103670,856.9420453557295
103671,154.98806322388458
103673,352.74402379966864
103676,984.7960254536126
103683,248.37353463785743
103688,750.5701358791878
103691,4.206526317642317
103694,490.78458494865953
103695,997.592222350459
103696,704.8711004926658
103698,28.513352065596877
103706,88.79457503989998
103707,112.90430297997503
103708,114.23057796970798
103712,286.54835124595024
103714,42.63529095956821
103719,870.6333616361543
103720,984.5325527564631
103724,160.46653692924548
103729,254.89769530882884
103731,815.17055802614
103733,938.3028210411649
103734,385.69958878709605
103736,760.8210590070519
103738,929.4111445475377
103743,432.6278060561325
103744,502.30903387615484
103754,78.89881604824335
103756,621.6293338493817
103757,1.7154143064115175
103760,511.5972262473446
103763,435.9365728090467
103768,3.5715748012150192
103769,185.26506080422024
103773,289.8964910341326
103777,117.43097786939103
103780,200.82239039371478
103781,778.8112350191541
103783,99.4311253480803
103787,313.66874006754267
103792,260.96862308296625
103796,162.53513072829838
103798,522.7744062991928
103801,635.8522439655624
103809,26.780358332005253
103816,315.8199372759866
103817,852.4577198164916
103823,189.6264104714143
103828,308.11912127543764
103829,793.3937493035244
103830,271.0034084454705
103837,46.52210522878418
103838,805.1490776866386
103839,596.6027390622312
103840,475.7928950670709
103846,166.85616498126544
103847,808.0912948614557
103854,54.70189860335517
103856,320.44913103922704
103859,190.39079079036836
103861,137.49503423342674
103862,278.02169373076094
103867,463.4488944166408
103872,137.93686502012687
103876,66.59734830112191
103877,515.976229427912
103883,489.65538982731334
103891,407.5371281478375
103897,397.84253274537764
103898,275.49796256102076
103903,503.8024466759511
103910,275.5126735866304
103916,907.3144623691089
103917,355.90905503489927
103918,618.8200509304265
103923,115.5828248528656
103929,140.21018532102119
103930,967.6705509413725
103933,862.4354292806006
103940,257.087566983871
103941,375.37800528975
103946,686.0789578804801
103947,6.521636173326028
103953,104.17765475527652
103954,950.5591448224365
103956,875.5444642198372
103960,685.5596353842496
103961,871.3473771065115
103962,731.0209909206899
103968,199.49135753386273
103978,454.3582035541516
103980,507.4758892203985
103982,270.29817465258225
103989,224.15287766796652
103991,700.0397734592797
103993,151.12398942415723
103996,977.9503060358167
103998,818.1497295481104
103999,520.274306597178
104001,619.881564585626
104008,155.85117596621734
104015,500.2899379549112
104022,349.19194984201727
104027,636.0106867864439
104030,501.8968482968411
104032,206.80258475541768
104037,543.0686043366859
104038,90.13005097340466
104039,918.9040972667849
104041,943.7881890014443
104042,28.32873438326917
104043,917.7743396033909
104046,107.17965951174268
104047,454.1955555452455
104048,677.348615831739
104050,497.12944028411863
104053,557.2023499153646
104055,332.8358838834592
104058,791.2531806619273
104065,867.054961007274
104068,287.676796710118
104069,579.0003981195242
104071,437.6909093773326
104075,442.6209027266269
104078,83.51957648989632
104079,300.19834302902154
104083,133.88450648030582
104084,862.1652065532984
104085,750.4395132243237
104088,347.9926480387255
104096,729.8680098140838
104099,311.57009029508606
104101,944.9639088845144
104103,257.39687842401236
104108,545.3768888869001
104109,437.5120439067994
104116,636.354247951413
104121,247.16731803126552
104122,297.6547954811227
104125,766.1039847522695
104128,191.25213457583408
104130,292.27915105060123
104135,109.65557144805575
104136,797.9839474507432
104138,463.5376445080725
104147,627.0009432241397
104153,680.4211384470958
104158,220.9524568799495
104165,938.9049822703238
104166,489.6292520012107
104167,649.3735520475202
104171,72.4128637626139
104178,567.1177783904848
104184,920.8147038531534
104185,173.45614039934273
104192,789.5492096276112
104193,685.1537401592487
104194,557.3175249717681
104200,252.3120491382711
104208,594.8865717010675
104211,594.8285269753185
104212,989.5952738556247
104216,523.6346354759809
104218,59.918139508628826
104219,155.7817192214619
104221,348.5399713519073
104225,819.8961341593389
104228,549.59435261601
104229,672.676140128724
104230,391.4298550558542
104231,825.5562242754165
104234,317.66297343979545
104237,576.5238271925947
104238,440.7100679135814
104239,29.68005084965907
104241,520.9097518129753
104243,177.67312764578404
104247,75.00894566282045
104250,723.1283515853014
104257,498.54863290594136
104265,143.77338651432828
104267,322.3824662193707
104271,154.9136562499211
104273,188.33502621860939
104274,2.319142999782831
104275,763.8254716582053
104277,719.1859004508234
104278,102.76874029553449
104281,417.54814367826367
104284,465.9016019402587
104285,892.7118502460431
104286,584.3909271780918
104287,483.7461405072964
104288,240.8814895797385
104291,137.79909244955834
104295,496.3567892791837
104299,409.54778317810445
104308,907.7565577639967
104309,929.088006886217
104314,311.62614515989077
104318,600.9871358896195
104319,689.0892567650448
104320,589.9911440868292
104322,263.5865744063488
104323,513.4689801747882
104324,464.37954689177235
104330,464.0338531381129
104335,600.5533318581441
104336,567.3664281670399
104339,506.058312853675
104340,473.0217583570729
104342,237.4006169805391
104343,304.40129527197564
104344,412.85674470990625
104349,37.58274946722643
104350,383.3236947464847
104357,880.1721473093705
104360,38.41060992144059
104364,496.99109880349005
104368,375.07020306650656
104370,550.6857878293988
104380,124.00689220690033
104382,873.681097746183
104384,642.8523856490581
104385,663.695047103917
104387,526.9678928453654
104390,660.7880423975822
104391,7.609676934408401
104392,613.2125294584674
104394,906.0389700450309
104395,300.3243650707238
104396,723.8381353485449
104398,679.8256864787857
104401,660.9889916454148
104402,230.20600566817618
104403,251.25788956746717
104404,294.7261875716633
104413,276.0735142234187
104421,185.5633000691057
104423,269.0729004010904
104424,54.16799171757409
104425,485.1021414361461
104428,947.6054493446834
104429,230.33798739850806
104430,825.3927946884814
104434,49.7463947618189
104437,83.74522720860404
104438,883.6739699164598
104444,141.4208923250898
104448,708.5908560513591
104449,814.0001738674786
104451,182.85777235030238
104454,983.5031882385939
104455,997.2147014314113
104457,660.385563583655
104462,622.4946105627159
104470,487.06483038433726
104473,563.7764770949535
104475,188.44952284409538
104476,782.7956329332161
104477,932.7514549136611
104479,961.0179785670842
104489,608.6757004012592
104497,306.22506807317706
104498,566.5845864906254
104501,208.1490383570881
104503,455.73730253232856
104506,903.9455984977587
104507,298.94949073219624
104508,401.6925452418267
104510,594.3622662310956
104511,608.2198348553785
104515,609.6335600770001
104516,771.5818093141218
104520,492.43061644149947
104521,439.7544916477497
104527,126.347198457591
104528,139.05399852566893
104529,963.7423228556819
104534,829.3513393696069
104537,270.17288030384435
104539,789.2680561220792
104540,73.43229949238275
104545,425.00090595095224
104546,467.89070517574623
104551,422.39382267095664
104555,106.78607491217056
104559,392.65174840059206
104562,85.3863881567999
104565,707.1414792858611
104569,121.38035422430406
104574,121.85060295811387
104576,446.077498401695
104577,630.4430328308866
104578,383.49844119241243
104580,839.6759896864094
104584,116.42011066293031
104586,32.01350691128931
104587,317.3221267962299
104589,312.3858079043185
104593,650.3541671515999
104603,320.42204454794415
104607,821.9229672306358
104609,545.275187505764
104613,823.0523179015624
104615,379.1690814821295
104618,904.639013678805
104619,481.4631962488072
104620,917.7341053178741
104626,224.65650392850677
104627,576.7982654443042
104630,155.61391711647164
104638,236.56305578886236
104640,313.67238381653846
104642,175.4444767101625
104643,518.3252053725279
104649,283.8039437044563
104652,670.4477757601056
104654,256.7671904315727
104656,139.19190822567265
104658,897.9402997256516
104659,573.52594249401
104662,604.4658673314352
104665,30.755321548814056
104666,84.1265273238599
104667,229.39610275051476
104669,426.552293680391
104671,970.5170632998183
104673,373.9822412690082
104674,87.31617640347349
104675,616.5453064480704
104677,74.85162346619724
104680,196.4498581738242
104682,674.7718082709872
104684,103.3839981451205
104686,425.6500559129566
104689,759.3178344281798
104694,778.4826304646965
104697,491.7481369180271
104698,917.3763880164366
104703,276.2065341029635
104705,565.0212169477385
104709,317.1345466393561
104714,48.70552434575573
104716,483.1016882133441
104718,217.03551648519573
104722,625.1657154479994
104723,455.0853446640361
104728,291.12993723350655
104729,776.8908753595524
104734,574.1941354123087
104735,152.04755973502756
104736,322.75557418721434
104738,57.73103911721379
104740,781.7556682748321
104745,263.83524337875474
104748,691.4968207364952
104753,456.9396305648672
104758,74.92752949836597
104759,391.350235539879
104763,744.0873277878889
104764,501.47642985788923
104768,94.52385894879681
104769,254.48676940565366
104770,720.648367534725
104780,279.53509089758825
104784,277.6032397793479
104787,834.7804093274062
104794,767.7723835813763
104802,372.7011004376565
104803,165.34004961503263
104808,684.6355522997964
104812,219.99900163336878
104813,683.6670034668955
104816,194.54067549164944
104825,383.90399004763026
104826,249.3392222304325
104829,909.191794352652
104833,877.8501907424114
104836,12.316569678306161
104837,301.6625443455625
104838,428.7829846008585
104841,780.767209892855
104846,897.2244316881921
104847,133.5367251087995
104848,75.71004803174041
104853,407.6205495910903
104857,647.7003138812149
104858,762.5834730434663
104859,744.2750402629104
104863,983.3288138457268
104864,157.16486038006866
104868,113.32030984888289
104877,281.55811007365656
104882,666.5075149065684
104884,537.0383968274251
104893,154.55320548522178
104894,645.0299965775368
104895,741.6448315512945
104896,635.2640703606695
104897,40.59771757549132
104898,155.7346539070408
104899,182.8969742924331
104901,515.5495276905889
104903,31.780238860560807
104909,623.9476565771679
104910,117.19911966972468
104913,497.52214455345757
104914,308.14044365986456
104917,774.7319652427851
104922,334.812298761981
104926,193.22299311413602
104927,54.22939338605736
104931,239.47339995724124
104932,680.4933620574594
104936,132.5777695207576
104940,830.3990234890797
104942,321.04086462891246
104959,673.1782983599517
104963,339.28692768559915
104966,953.5557476710047
104970,984.1095717225666
104971,555.3264009437092
104972,164.50157668284336
104973,797.312058312678
104975,677.7120593648858
104976,865.8428269013358
104977,85.37190962862097
104978,128.96935434786764
104981,163.7821526299806
104983,530.0103501148558
104986,517.9722606788298
104990,542.3374904897909
104994,396.9954712710461
104998,9.781554799203365
105007,488.0268186771261
105008,859.5303703390275
105009,635.5659418138366
105013,29.97770939794504
105014,537.8553634059883
105015,457.18569849775656
105021,205.77268001889686
105023,481.1022308834157
105026,337.9660791655757
105030,224.81872045671318
105031,70.99330934647352
105038,20.70506507609511
105041,40.302294573792146
105042,248.88573660861246
105046,690.8320298225628
105047,743.505269890132
105050,845.7808791939277
105053,660.8155152375587
105054,59.23305895724077
105062,467.70246709911663
105063,997.3315551827834
105065,581.0594820508487
105068,501.73122847425697
105069,928.9998615010797
105070,106.19383763109249
105082,841.7388388392957
105085,455.83223499153877
105087,712.8469843668458
105088,611.966640331514
105089,983.5455317710996
105090,89.30599252090983
105092,853.3843782640788
105093,835.3257164143133
105097,823.7040288732122
105101,73.7200955906132
105108,564.1508835500248
105112,18.805338643417386
105114,305.33711583178376
105118,508.9649265615804
105122,641.0057329647
105124,766.0060542967781
105125,857.9714304242967
105126,762.8470148041848
105127,250.4413533263324
105132,160.7572063900568
105133,44.969787774653504
105135,28.848365645877266
105139,382.2187326237454
105140,781.9871670722548
105141,980.0926167230033
105142,37.72308631351217
105149,24.09601813432666
105156,211.86392009997545
105158,610.7723519754795
105167,200.77237112172227
105172,310.02465642415973
105173,692.0813553364235
105177,212.23877956689128
105179,154.89712306301968
105190,803.6932440432249
105192,320.7981648949639
105193,294.8363554897325
105194,615.8114413924826
105196,46.66919658528917
105200,199.8628556287978
105201,88.06603344616765
105206,90.65872346322723
105211,214.1450915925583
105216,850.829236322819
105218,251.79179264362097
105219,291.1626404100688
105222,773.3658448172414
105224,938.2021050963053
105227,539.0918259383662
105232,452.06658477910065
105235,13.223191070094517
105238,105.83343585167668
105239,974.8910886963957
105242,539.6942501785483
105245,997.3517866498829
105247,245.2283986744068
105249,404.34507598925023
105250,810.8260885979444
105251,270.84132870801454
105258,344.00831175497973
105261,65.10491928215147
105270,37.39399615429751
105271,152.7291530016827
105274,911.8778747208902
105279,277.1399382098703
105282,977.342850669565
105283,229.527282100577
105286,751.7272323928789
105287,352.37602708956626
105293,124.90685773316108
105297,215.03436212041328
105298,956.5155456991434
105300,855.2087804538726
105302,174.52871519533844
105308,63.15258274268936
105310,928.6944614220297
105312,276.1066217136408
105316,313.4933818394619
105319,667.3017889834128
105325,887.4323669535078
105329,419.7052042918377
105335,583.655146484835
105336,43.15263719964728
105340,912.61432050277
105342,258.62436860622296
105345,105.32105520155021
105346,298.32124140901607
105348,654.3274652077027
105350,425.4343963888703
105351,132.85798991706895
105355,829.8543099685503
105357,155.11561938828976
105362,295.33688712395553
105365,28.031926108098144
105367,823.3604932154963
105371,624.7195661337385
105373,591.6606411173151
105378,424.5657857658505
105380,966.4242829568972
105382,223.16005747702977
105383,102.89903814609477
105384,45.29205854508028
105388,532.6044403448388
105389,462.8328400420774
105393,43.25551949594907
105398,142.93616192411926
105399,101.02111473343422
105402,206.71002211705863
105404,236.05072423315704
105405,184.13241019187424
105407,416.7365933618614
105408,367.7509397148256
105409,451.0942083499987
105416,504.6216367732248
105420,458.7905792786084
105422,537.3357287310314
105428,448.6275534029473
105430,271.5048053193465
105431,108.48784793807786
105432,834.217582660524
105433,197.9206696900543
105435,170.67945518213364
105436,573.6058889173751
105437,413.1913080920777
105440,834.9712862734749
105441,915.4975743052861
105447,164.94032469630918
105453,73.57095851390586
105454,121.11358905293132
105457,444.3813144208527
105463,891.5346503774106
105471,725.3111359653889
105477,668.0507549062606
105479,779.6204551566533
105481,221.96040172741618
105484,680.1470453261059
105485,310.7984991323129
105487,135.78030750907456
105489,339.82929853684203
105490,353.14785629757404
105491,711.7740635925948
105494,527.954609659246
105498,789.6432603276367
105500,659.2725948150986
105501,176.69238388140295
105507,611.8542136663082
105513,260.5439260734412
105516,387.2265398602292
105523,15.973196046052223
105529,649.0339313521441
105531,458.6460845874331
105532,969.9849280169633
105533,407.6685253631835
105537,464.6468376501539
105538,667.9227435183305
105543,493.7111527916687
105544,23.32903599673598
105548,327.7241862910469
105555,862.7354166013622
105558,824.8382739589606
105561,870.581614586336
105565,186.98217878035447
105566,742.5368663760801
105571,571.7739638628037
105574,815.1441712190427
105577,666.2868817529469
105579,703.6273006677661
105580,831.9351148616038
105582,98.37948051823213
105590,570.6738457486882
105593,225.66053494879992
105594,560.7389426795468
105595,49.94772211472555
105596,182.39916437985366
105597,146.19397548466821
105601,215.74424615245206
105606,47.331230147953455
105608,788.3334921896299
105609,357.0758541655984
105610,705.8222819623836
105611,984.391585361146
105613,523.2398793084326
105620,766.1925311985459
105627,123.65271138514169
105630,664.9576521736062
105633,539.3808920827071
105634,19.370805245060055
105635,307.1602344585978
105638,431.6195348367309
105648,236.65466637256276
105650,805.8193788467387
105653,625.1473182754646
105654,150.42569185566813
105656,731.3397829508779
105657,649.2516822869206
105659,408.69152914362365
105667,48.26142432268992
105669,401.1004029944022
105674,260.26830294290426
105678,361.32297807085456
105683,744.2694721737255
105688,834.3892570627228
105690,39.19541983323862
105692,461.3192154275765
105693,57.4147097928906
105695,23.591661778031984
105699,111.35535583336313
105700,566.9586377696648
105703,211.86738386210942
105706,1.2494000470662685
105714,945.7924801775739
105720,837.163403013745
105721,179.10489856624153
105723,272.68294177626956
105727,155.8262007221068
105729,568.0658314133055
105730,103.72924129858139
105734,319.7189498759775
105735,13.131358836801198
105742,421.79207483914007
105744,58.10044897343286
105745,896.1920342297536
105747,31.61003703344827
105750,692.9494117548362
105753,981.8445984338762
105756,897.8696224436625
105760,226.8877830500438
105761,270.040259901526
105764,719.9886077640568
105765,520.4091610107789
105766,861.6607975827113
105768,782.6030742471743
105770,651.9767301474777
105771,460.03262976386253
105773,534.2678835608203
105777,580.7594065315571
105780,69.89503659447234
105782,418.25374778390017
105784,772.7860871795828
105785,255.0839980441057
105787,635.2175816320232
105789,247.7694680051488
105798,92.39906169277069
105802,261.0640162238091
105807,830.7988652032151
105810,200.3780390509427
105811,125.58442800924094
105812,877.763955688594
105816,144.78095505822975
105817,27.930298592070532
105822,208.2694145221359
105823,648.2585067372319
105824,174.68748905074708
105825,500.92634589730727
105828,396.8526550830553
105829,985.1272421066631
105831,210.50181348503423
105835,517.7816977280249
105836,345.13186561672154
105837,857.6078431106722
105838,32.96686082849442
105844,956.2817919715308
105845,796.4701934697563
105847,438.81092245446405
105848,663.3186585123943
105849,377.5778518042086
105859,137.44444122243127
105863,440.71959439234854
105864,248.60906358941213
105865,130.70622550287803
105866,417.28447814597683
105872,144.62996320969322
105874,353.68116166108143
105877,429.1893894504154
105879,299.7433064668648
105880,586.4406961781176
105885,991.0755515287384
105893,208.88920983537915
105904,827.1779280672092
105907,92.89175933861819
105909,747.6135127484392
105910,680.3753901330748
105911,893.9551640405176
105916,176.73344632944003
105917,790.1529698456042
105920,509.0539365369685
105934,669.9062584841087
105935,237.81876247181035
105939,82.99459773521221
105941,140.785148424921
105943,696.7583382054868
105945,87.82513270981018
105946,98.06291148785901
105952,943.6671616748987
105955,88.44235121910452
105956,855.877139757372
105962,968.995576617514
105967,456.12466124849135
105969,700.0878264249633
105970,565.717178718536
105981,132.64416430450194
105982,722.1747531344867
105983,720.7432741830091
105984,280.46966519435074
105986,322.22791406804157
105987,107.98306058528728
105989,530.1922750649833
105992,857.1466794368297
105994,39.35850444011763
105996,642.0411917932478
106000,435.8277674660996
106002,439.83018430802844
106003,734.1414615821301
106007,427.11899741140223
106010,196.0762239488445
106021,348.572100749112
106022,434.49297888402816
106024,51.7882043788577
106028,489.50605282786915
106033,808.8733471988031
106034,694.0336308237171
106036,375.90823018148546
106037,339.9928713780981
106038,180.17630204817203
106040,564.5072701935667
106045,646.5643866610812
106046,587.0964515804336
106048,137.22587502404676
106049,11.9091736708573
106056,856.2909192302119
106058,586.3592880485689
106060,198.94879990947493
106064,954.7496623778571
106066,633.7857121278774
106070,696.5145780478166
106076,140.87885680395053
106078,98.2138524062766
106079,539.2695795619566
106080,457.48286564404964
106081,986.3540004332261
106085,916.8469618837612
106088,840.0170235767573
106091,32.838938971225666
106093,347.03656041153283
106094,158.68102147281164
106099,201.42758511214672
106103,251.4726421087507
106107,58.62493653905116
106109,120.14527098544576
106111,140.72045860966693
106112,302.17327333965187
106118,570.5326548108256
106119,755.9890644045892
106129,173.3761305287886
106130,298.02050888122375
106132,207.22894068837908
106135,6.077436269757323
106137,828.1200421995114
106138,817.1336303929921
106139,137.80424686205112
106143,142.69889232353052
106148,537.9150983635354
106150,729.3962710800241
106156,741.4721874355654
106157,738.0829934299844
106163,45.4444888667384
106164,76.79790280393591
106165,911.9205216249358
106168,443.18785104249247
106170,419.74978502670143
106178,526.904439465201
106180,633.2119646389732
106181,630.059926619729
106188,391.6928062306984
106189,873.0459115036198
106190,440.6128672937934
106194,48.11526990981637
106198,829.3694935646254
106201,261.3002742410541
106208,592.9220647907351
106209,877.2172720649509
106211,943.7661443608123
106213,192.90520332828726
106216,182.8755735624356
106218,975.3205294679676
106225,650.6236215086004
106226,882.2126997136893
106227,936.1709306689581
106236,319.1573367711204
106237,50.73323523690515
106238,512.5330179520606
106239,809.0145056231647
106244,277.1608900036144
106245,431.91126994314243
106246,104.86504612737649
106250,820.2166670941637
106252,365.6302704182751
106256,419.07380552396967
106257,236.97580379834835
106260,417.36147123606924
106261,633.3006832931547
106263,91.10814487087897
106264,320.7698541090813
106272,774.6016220494859
106273,510.02229574917726
106276,792.7849753716177
106277,454.68608442363205
106279,531.9870405118822
106281,78.47224969067271
106282,936.2258350617851
106286,243.67414584563778
106291,646.9342695876255
106293,56.86846594677226
106300,126.4410079744793
106301,506.18333817267757
106305,933.3769873403331
106306,419.27943159286554
106312,483.9958079768019
106313,676.4102702083565
106314,858.4895332672003
106316,574.4212458034084
106318,926.1039381667481
106322,193.12894577856278
106323,579.1663288008746
106324,561.9772703219896
106326,129.43003196224
106327,841.047977156853
106333,938.396768697346
106334,315.02645589276636
106336,96.55256101419819
106339,113.58277612002117
106342,825.1923883012068
106344,439.8595696929192
106347,890.177125548348
106348,733.1696862576323
106349,74.10785460130204
106350,593.8224117756906
106352,533.6347131577865
106354,902.9854555120431
106357,372.8185068496252
106367,983.3890698829487
106368,569.8782924222486
106370,372.818981543651
106374,483.36285420593447
106376,927.3087734165424
106377,995.7760511285198
106380,621.3066075587684
106383,357.14638014614127
106386,282.9711756053764
106388,484.4225198542537
106394,82.70313543960161
106395,187.57581659660707
106396,490.22164189382994
106398,206.3988392575198
106399,144.76580998805844
106401,117.74475604117062
106405,118.43881622245506
106408,509.7923276675761
106416,153.70964856270044
106422,725.9358158986962
106426,810.4673254136428
106433,102.73722222419987
106437,259.99199989228026
106440,417.66663331022636
106443,129.64668855733916
106445,15.886504742554608
106449,369.54087864216746
106452,99.3435111359905
106456,367.6267411626373
106458,441.40466756358563
106468,190.87882926488015
106472,250.02987398795602
106477,27.461869273441206
106482,862.0995755365373
106483,44.81960734249543
106489,91.77982475881564
106498,380.28577490084837
106502,872.0501676501214
106503,27.29459100182233
106504,584.0014444027462
106505,308.3622391513611
106511,122.1340718249087
106513,153.86849191645337
106518,383.48154158638596
106522,229.2862347630738
106526,95.68401253919001
106529,846.1754272184725
106532,927.9066462361525
106533,247.8869868025334
106537,598.2936960080735
106538,255.110626837515
106540,897.8107685881772
106542,934.7380841977437
106547,716.9880068475192
106548,438.15146245658394
106550,846.4593113927954
106552,942.9864051387027
106555,886.4167248695675
106556,18.83895820469601
106562,924.387404552744
106564,700.7129847963969
106565,196.82045401751665
106567,116.10953215285474
106571,31.132043908778627
106572,147.24971283907354
106573,153.85801193118763
106576,897.0640506197916
106580,99.00888295969938
106585,352.63485688226007
106587,621.0633556888806
106592,615.1234255681715
106593,39.23134442766894
106594,249.912828883626
106600,532.0098541070093
106605,991.3957532044295
106612,239.04076129957647
106614,979.9234896875797
106617,48.9815853209475
106619,234.7054434706671
106620,372.065024725499
106622,242.71302158003107
106624,912.151273697028
106625,483.4378108488105
106632,68.0611346574538
106641,550.3581645658419
106643,82.00921393401136
106646,408.96689795095506
106648,79.95249818182273
106650,751.3320852069595
106652,35.278032391212506
106653,227.23455699866457
106656,204.55995645590926
106661,251.8242421122623
106673,561.6064971106433
106674,627.5585335806594
106677,1.012594669351275
106681,536.0088370712352
106687,59.943946675698136
106689,83.37422777850585
106695,553.8017211098705
106697,91.13907561148821
106703,788.5303289930307
106709,387.6130138206304
106711,287.68235351610457
106714,98.95807858231062
106717,665.5365272402901
106719,433.2435604956272
106725,31.528857454265456
106727,370.86544950327465
106732,417.28408141663823
106737,485.56637996245104
106740,769.734188810279
106743,32.63856319647126
106746,346.61820021970254
106749,54.609319916170605
106751,352.6460722537045
106752,18.095479039352615
106753,347.390938505193
106754,324.6749740741409
106757,776.5063614846281
106763,284.1585265126938
106769,792.9593172742469
106773,373.53092640079245
106777,302.09167332335534
106779,337.66858190611725
106780,552.8991019705632
106781,50.16568191440243
106782,500.79601605326616
106783,694.3125436137686
106784,506.7172231365564
106785,137.11926931830527
106787,312.4068201624622
106792,454.2159365299407
106796,345.78963666350467
106798,795.3230936359572
106801,254.67051293054772
106802,182.46286630496394
106803,184.08898258588536
106804,144.28036751664015
106808,913.7078731159834
106809,933.7161437708331
106810,43.37381037534103
106819,152.14800772382344
106833,368.0315736108337
106835,354.95856265608967
106841,767.6785596441531
106847,452.0975697019451
106849,498.2771525934879
106851,788.7441412129198
106852,512.8111782380353
106857,868.9744564672928
106865,801.6225973610368
106866,656.9481919524266
106867,609.1159511390513
106872,716.3381350907581
106878,736.9052810381627
106880,730.3780062128131
106884,78.74219990414797
106892,604.6694101256796
106894,288.11329002815404
106895,672.4024249763821
106896,292.56991878182066
106897,172.67912123452274
106898,7.141825176943912
106900,732.8281846747705
106902,700.8010149826564
106904,317.9402216746681
106906,196.64053951390946
106908,647.9642206899082
106909,800.971836083379
106910,348.09480934574736
106914,312.4294347757748
106917,363.15079587036934
106920,16.623028347492728
106928,45.42323152779224
106929,835.2550322734029
106931,841.9856738717792
106933,676.7616690575887
106934,135.3293680161606
106937,473.24343915516147
106942,195.36833867648156
106947,520.8459376897737
106952,730.1437735462501
106957,834.3370767428707
106958,914.6545910009834
106962,168.61576251041612
106970,596.0530029996527
106974,176.84070411802517
106975,155.2413686398236
106988,233.37665767300294
106991,429.64323079447394
106993,123.29129691021056
106995,179.9621658276944
106997,293.4164273464488
106998,785.7713496782899
106999,948.4639598851486
107001,406.52018184900487
107004,8.526183717371664
107007,780.5749107470251
107008,268.96307074508354
107011,330.7409282467355
107020,877.7936294746141
107021,202.5677805241019
107022,13.911706654745675
107024,51.96447519140943
107026,517.8294816390716
107027,227.57140734660916
107034,668.1791877748601
107039,339.08121753108463
107040,900.678326683717
107042,346.681490993286
107044,69.87205021908167
107045,187.7011410104289
107046,610.640527727006
107048,249.29209348423225
107049,19.03397354427429
107055,671.2017938009342
107057,938.5011748290337
107065,343.6629136628374
107066,847.038777159405
107068,274.87442142429694
107069,978.1883576413356
107072,545.0771428771757
107077,979.1876391503853
107081,430.7807303575295
107084,574.7938017121882
107093,628.9918012176935
107094,582.1643827642105
107097,210.81120312706946
107101,243.63775843497177
107106,753.8148521539994
107114,722.1787183797949
107115,628.022238954076
107118,323.9646214070912
107129,949.9017840561912
107131,998.3667006892106
107139,788.7083519508254
107143,911.5043370729858
107150,434.53608309488976
107153,699.4822268707734
107155,627.9873456889924
107160,780.3160640042081
107162,266.3961936104554
107163,380.5383469803314
107164,90.9832970872077
107167,495.82074925223003
107170,835.6629101395258
107181,223.46366199998096
107194,926.1745628497672
107202,575.8479285398109
107206,453.70876658918615
107209,243.21189151531004
107211,102.85579359141016
107212,379.1261069419326
107214,133.44498632293417
107216,814.1021478599414
107217,590.3853018087487
107218,323.6262602719708
107219,588.57591525511
107222,249.43881910148954
107225,129.30504890010425
107235,484.017145997477
107238,114.56426347879182
107241,522.0199493415072
107242,313.43475072684885
107243,495.60700761801303
107246,720.4584276937325
107253,491.7464483724702
107254,638.3920536180647
107266,497.6387678722538
107267,504.31766758845527
107270,825.0379493771438
107281,21.78926100175165
107282,222.10312111600564
107283,699.5159263913123
107284,614.9644477456013
107285,566.8823159979958
107287,105.73430182287113
107289,792.5609573938588
107290,80.19588025458906
107292,233.42806365115285
107297,83.80482396110499
107308,48.457542816822574
107309,297.5144234154057
107310,257.3583847407105
107312,540.3948924576393
107316,53.69425654645615
107318,167.95673067949426
107322,217.33602704181413
107324,593.4004115152188
107327,129.97696312712753
107329,991.9130755440508
107330,489.56760910891086
107334,263.22203122542095
107337,19.495724437007503
107338,515.7777484392963
107344,146.5650477951399
107345,352.4206563345587
107347,537.4935760595664
107352,608.039786269945
107353,936.1288963912095
107357,801.7184428422645
107361,146.4162406215222
107366,160.4393798429634
107369,464.69301960243996
107370,390.52454184170324
107371,274.5295728890941
107373,128.44739644755953
107375,108.60827422948563
107377,902.3054131781151
107381,977.083587489649
107382,48.71187678222451
107383,139.58897978366585
107384,130.54132279612205
107394,161.6567618432825
107403,991.4097284831726
107404,561.5792204488166
107408,286.63793742644015
107410,381.92816023149254
107418,520.0101430509634
107425,977.1924439171344
107436,26.301323015363224
107439,351.97767754614966
107442,568.4167232857432
107444,671.248422978183
107449,141.72220830205276
107453,374.81883751012975
107454,68.5650636007146
107456,198.22462447063688
107464,723.283120894102
107466,225.48724240329958
107469,773.4831564010736
107470,264.9457359176889
107473,324.9405576046168
107476,367.2935252381341
107477,966.7489429641588
107482,170.28105019771616
107483,769.3932361308616
107489,843.5366440540623
107492,443.060769708484
107495,312.5328658494762
107497,570.7754093665103
107498,928.0392456197575
107504,215.71024842159778
107506,688.9997478634633
107507,699.881086664011
107508,563.0807385922177
107512,207.80799726754216
107514,654.9739300042311
107516,242.88253482207
107517,415.37657154362597
107527,961.2827228637111
107528,23.409891229267917
107531,154.62513177656558
107532,92.78042027759162
107533,564.0981378334759
107534,685.9070958236849
107537,585.7871868439884
107540,83.60205627791488
107544,106.38544673882323
107549,7.8382416440148726
107551,195.76271820526793
107553,189.5471058536895
107555,132.34004430604634
107557,431.9847007939898
107560,591.0745420594732
107563,645.1581389736166
107564,757.0325880789331
107565,523.2830264995231
107568,51.1525366449189
107569,263.20842097325266
107570,688.63735376787
107572,272.90535860614216
107576,84.12504743704238
107580,351.7203398677672
107582,949.5630818324253
107584,721.1376277390192
107586,752.9558324641985
107588,214.71948359151608
107594,187.3394723304691
107598,444.05163578103054
107599,108.68435338546982
107601,109.92613303656596
107608,325.153102254091
107610,715.911157512297
107614,475.59310044407005
107615,59.019278518150855
107616,981.6842285646587
107618,659.4244815122938
107620,215.67408583371758
107623,270.65847198172077
107631,694.7708809481559
107632,183.43624066010844
107635,168.39682892684408
107636,769.8964717802904
107644,332.2858302696191
107645,0.9772544057582426
107647,218.99261918991778
107649,46.48668793318393
107651,699.454993933449
107654,38.007444210465856
107656,405.9811053166433
107658,421.8726583615511
107662,747.8521950689749
107666,435.5898886588517
107667,120.36981441766714
107668,90.33894940368045
107673,453.27807768001
107674,510.20550673364716
107676,631.3896432191481
107679,402.61617886887296
107684,967.3275115955097
107689,302.1480916809734
107690,888.6781821224396
107691,795.8882278048055
107693,781.0183247847059
107697,894.4432993148489
107698,404.77254220254633
107703,838.8834091340256
107704,407.75407223601826
107707,265.68222378121794
107715,380.94818910941933
107717,117.8620068610068
107718,783.023948375139
107724,375.3549455565683
107726,514.5949289115728
107727,561.2691414192294
107728,499.392040477718
107738,322.14702657387716
107739,239.0671293179798
107745,128.74087810949644
107748,845.981564229366
107750,616.5798803676893
107760,105.64624457830084
107762,486.8783978693591
107767,0.36406066680180293
107768,360.5935389321382
107769,571.5328918882252
107770,144.91077001702325
107772,771.2147959914729
107779,0.8858144452081242
107780,242.68153810916755
107783,34.75868262776203
107786,33.81984553823645
107790,744.7269702449809
107791,532.5046645842821
107792,707.3974720459008
107795,191.63668330726844
107804,806.3505157459639
107806,371.07828419797613
107808,379.39974361687405
107814,197.40596607412908
107817,512.0823988644917
107818,857.5667827993559
107824,62.61965766952988
107825,250.3945737319916
107832,954.649283459038
107836,891.8323246304442
107838,202.15832145776233
107839,264.1843893752752
107841,978.986468259893
107842,857.6873460718091
107845,230.9153276325234
107846,397.0017911914409
107848,761.062579732939
107850,200.69425697503846
107851,670.2242548174678
107854,110.24882426401629
107859,927.6470171148792
107860,164.19795643073184
107862,364.93893892159554
107864,87.30157362084447
107865,38.74481653707884
107866,544.2883082610443
107872,194.701546409132
107875,177.17243164969324
107877,406.5098660426824
107880,545.9413998997952
107881,665.6012207549913
107882,929.774118613293
107884,108.3836353667037
107886,50.353186252709776
107887,237.42859488975728
107895,450.79395327699376
107899,433.34511350483007
107901,441.0913149914941
107902,522.8288467650076
107904,850.241067493539
107906,663.5525972064013
107908,198.28807585904806
107913,674.6581421356183
107915,955.2248061813815
107916,121.01956632662274
107919,491.3919064513643
107926,366.26260186930244
107928,881.2259961339927
107932,928.0038025789424
107934,286.5730881519964
107939,31.3467499271973
107949,118.08559925242976
107950,353.4664045707111
107951,514.3633659698684
107959,29.356898192310013
107963,297.55081924110544
107964,996.2084391439396
107968,206.53425355433774
107973,144.81020389802472
107977,268.83880982901064
107981,11.718885256176906
107985,264.5631115670869
107993,190.12942735388242
108002,297.07914116005526
108003,93.79337398854786
108007,179.3441383658947
108011,179.5928473113688
108012,683.2157189435464
108017,806.5084891272711
108024,737.2598373704486
108027,234.14634017810627
108030,132.63326351011122
108031,10.148745654059379
108032,430.3799420032836
108039,873.8754368273828
108040,842.6930501268182
108042,793.1082605811275
108043,180.52890945581657
108044,691.7758967266524
108050,163.16951076561827
108051,799.6709038236851
108053,104.12278854148113
108055,735.3600335725081
108056,513.2943804787735
108057,558.9685085092337
108058,584.5197445974371
108059,406.8196978930693
108063,568.57042569102
108065,242.7858986903617
108066,533.0685968144778
108067,635.0077501751708
108070,582.9690273670886
108074,425.63930258176526
108076,562.2433902762041
108078,146.64736428132989
108079,381.2693717232542
108080,703.4317635192245
108082,123.6682852874074
108083,985.9161460214164
108087,391.45309770818204
108091,767.1498609698658
108092,344.13172124230385
108099,798.2348362033335
108104,421.05441614747434
108106,154.04192216015858
108107,298.68506470180444
108108,977.7706807566018
108112,375.95776874823446
108113,565.8032611075732
108114,606.4233376380497
108118,654.8075503446968
108121,407.4605189424181
108123,175.7856256100247
108126,65.35386581643012
108132,25.202816514710175
108136,861.090993599656
108141,692.0667509843933
108144,502.634197222025
108145,982.5887067954266
108148,500.5271959139884
108149,840.7110897583328
108151,538.0337568198643
108154,592.3746665417951
108155,590.9292148837935
108157,703.2778830758994
108158,663.9004036493267
108159,203.97877057760016
108161,960.6830938441129
108164,467.35929866312625
108165,131.5943687838984
108168,922.613037692664
108171,735.2348096378445
108176,237.34057097183867
108177,114.10398336896887
108178,822.1752433532607
108179,862.0120309065462
108194,984.5312484791953
108199,1.0444526664444223
108200,389.04784352790006
108204,46.5622034812304
108209,825.2682468341786
108213,410.1157771150966
108220,33.8439922509628
108223,178.13343187497665
108227,851.7319846134637
108228,223.1499371295427
108230,467.7130473939297
108237,765.7366459204635
108238,122.51512761846627
108239,793.4589756439078
108241,323.8550473556299
108242,449.98413653041723
108244,486.3560399728651
108249,301.01463189903353
108250,191.548923563077
108252,651.82326332412
108254,491.33039449283916
108259,856.5947854283318
108260,372.66119765853034
108261,932.977115362195
108264,888.120456234401
108267,776.6520166563976
108269,103.48677207264936
108275,401.46251680627
108277,104.94913827320329
108279,38.99511787200243
108284,470.57334529473627
108285,561.2106757952728
108288,147.88665110724156
108294,850.2785656703904
108297,20.151246855932197
108302,661.9265290628892
108307,258.50720845988286
108314,111.32060314387692
108315,339.9589817263724
108316,253.7642700196816
108321,726.6438495843955
108323,945.1281068651105
108324,234.6449848830191
108328,434.04564529087236
108329,103.89274984050122
108335,950.380709151164
108336,71.58027343192941
108337,964.8358063831416
108340,147.34777227469598
108343,446.8982840605766
108348,223.09173425093522
108357,281.2953502292313
108360,561.8581270204196
108361,73.16983091638143
108362,790.3378163227526
108363,454.30067934549345
108371,92.74230933128452
108378,21.211205854735354
108380,108.65112165739222
108385,362.53360148627064
108390,245.1856838437158
108391,176.78785395519287
108393,870.6594698480533
108396,912.7719908195928
108400,880.1136114948134
108401,173.60490292253635
108403,336.84500837879415
108404,937.0860505129895
108408,646.7753051700411
108409,720.842975637864
108413,960.5705695922074
108414,948.092983791379
108418,13.758524597169135
108423,137.01765953420585
108424,605.6152307440063
108427,59.071459847126256
108430,432.3580674250104
108432,42.84145709384512
108435,317.5225370522164
108449,102.79752869589747
108451,553.3056425127693
108452,973.6277206341109
108453,751.0049927891463
108454,726.9361361225572
108455,756.4580197488441
108457,487.84855420030306
108463,495.11523878712933
108464,180.42473152871227
108466,637.0402513556427
108468,611.2748515244537
108473,81.9010492972394
108476,765.3398780260603
108477,1.0411394390613822
108480,567.2808496368369
108481,379.3543948973444
108493,458.19321867233873
108495,597.4204063941123
108498,346.28440806171295
108503,710.8677143942881
108505,240.64446700602505
108509,941.2285409352963
108512,974.7923152263972
108513,592.8269556772608
108515,189.41283280126038
108516,71.63558105525618
108518,484.54617113821956
108520,631.8370519637891
108521,296.91090725531063
108523,805.3758565928867
108524,974.4782813591518
108528,517.4493826462528
108530,141.99538414386925
108532,39.8353708992549
108533,405.2627825487901
108535,102.57431784105975
108536,952.1904594390664
108539,607.1967851634807
108540,400.2706932091988
108544,757.9249637336961
108554,225.28356484310464
108559,142.68434868291462
108561,417.9053612130364
108564,285.7106070011971
108567,896.7279295455919
108569,229.87855918162163
108571,636.7429690030594
108576,850.1922748772312
108577,478.35362735638205
108581,156.21802408423991
108584,74.14175148073188
108585,129.96428923830408
108589,618.0134695178743
108595,972.7830578368412
108596,736.5257508310001
108600,22.051517908245778
108602,234.20208233213506
108605,702.4333449434931
108609,316.7395186368353
108612,416.7084172748599
108613,66.85373975293655
108618,49.09208849961667
108621,411.05069467907776
108623,265.44185435076025
108626,289.06438995204746
108638,758.0759142840111
108648,859.6351034865024
108651,524.1171355757456
108667,666.0028172535219
108680,614.2020850419952
108681,533.8778891629757
108692,811.1887167582216
108693,952.5933151838013
108695,611.1541439533011
108705,752.8836094511639
108711,918.2523291463658
108714,119.49275829465451
108715,234.28978109016336
108721,142.33467055495808
108722,129.7799476004659
108727,851.3432352823974
108729,971.3779387512061
108730,611.3002044291155
108736,309.69630352108896
108739,702.1569148533179
108741,679.237689023261
108745,637.8742899403277
108747,657.080715471758
108748,61.8638296550571
108753,556.6648820079123
108756,132.40919461720082
108758,876.3252571641015
108760,7.294275032211895
108765,484.26544459132595
108768,202.07877801572013
108769,329.9163260696563
108770,66.63682774217762
108772,356.4552880627366
108775,521.1917629580081
108777,550.4752899907386
108780,424.03651352148876
108788,298.71668352139744
108791,521.4185350716482
108793,898.9086832018498
108794,959.6722246900839
108795,176.90354378493848
108799,868.2315441428277
108809,435.3760154487024
108810,14.553428753941903
108815,136.49922552484824
108817,150.49918562012724
108818,267.22600043347444
108819,880.7213037941085
108820,230.542335510835
108822,128.89423158754803
108823,504.6511773549373
108829,363.71262816131093
108832,464.5372112350338
108836,96.98844859122235
108838,638.6668576306812
108840,520.4198328718251
108842,157.53761900039842
108851,90.13000037070525
108852,362.6280624792891
108857,651.7016754251935
108860,252.05989699173327
108862,21.067482590724598
108868,179.67695105452512
108873,565.3994974258794
108875,473.68092650215726
108877,543.4501230818255
108878,854.3238501220867
108886,388.0935388131296
108887,576.54789068579
108890,56.13456545054225
108897,253.1312913265834
108899,582.9420478671059
108901,37.97792799721311
108902,158.9804213263392
108903,800.742168504989
108904,74.80422843123561
108911,679.6978584591592
108912,373.54246566709776
108915,146.60957595037507
108917,252.91503169568526
108923,794.7645266337548
108934,311.0671441605694
108935,464.9458911583995
108938,211.4215214937499
108942,758.4424106444609
108944,172.39469302846547
108945,611.0023157239414
108946,658.5287124656431
108951,195.75525372389296
108952,293.4938259613821
108966,765.5352023893344
108967,987.831814106313
108969,458.5216084920562
108972,106.10410383497462
108973,332.8254527996725
108976,801.6748730820278
108981,864.3326241590178
108984,513.2828840799948
108988,580.7352251556572
108991,61.368276606311724
108993,175.71934639176337
108994,775.4270621550154
108995,588.4793697720378
108996,101.63217677844803
108997,10.43136779104318
108999,738.1502476094997
109002,800.1619978849259
109003,654.3503312923834
109005,367.1207111812208
109009,747.6571377527968
109010,20.316373879433748
109011,947.6992240290538
109016,383.75713108984604
109021,418.3377459172706
109029,577.7417726942311
109030,551.6334554323499
109031,298.2595987087681
109034,339.32533017599155
109038,155.34487375936408
109041,218.48680348875004
109042,781.5894038447542
109044,252.36397179683618
109045,305.1668468364147
109046,921.8551769983628
109049,183.1428246568922
109052,894.5119773182038
109053,562.8962919409347
109054,146.66752758775073
109056,874.353816565038
109058,400.24428236622305
109059,989.6272154737089
109060,409.0021048178373
109061,346.55565991154083
109066,752.5182294859881
109067,203.494759355735
109070,319.7591075896868
109073,55.3544291480769
109079,446.3554390948246
109083,836.7647940220394
109084,126.46858991995764
109092,191.49160368252123
109094,491.6493040211764
109098,220.5801139627351
109101,163.89241354226291
109102,954.177047913385
109110,657.2176958540323
109111,504.472598812424
109112,601.5871239036009
109116,254.92709909639066
109117,535.398847187994
109119,637.5373460170088
109121,362.70709941248225
109133,417.72163184563186
109135,550.9837622802523
109139,369.40884213495997
109140,996.8151809231305
109146,60.63532373910792
109147,750.3435480156036
109155,998.1073423309186
109161,571.8376634854685
109162,532.6465645855278
109164,172.7112684551963
109170,82.19466988987978
109173,205.61000955929177
109179,771.3463895496591
109183,76.95074140075944
109188,163.93860921561986
109190,888.4303446851359
109191,253.84045849273375
109198,717.4781876818936
109200,450.2664743842419
109202,45.71334607607758
109205,42.19417219179302
109209,878.3483961978174
109211,349.90475895011593
109213,486.1459441031166
109215,892.6002750177107
109217,632.5081661907938
109220,433.6295804366683
109222,863.2561689958101
109223,568.0667886974601
109227,216.7982475147645
109229,320.9022381946204
109235,519.7292349844062
109236,525.8448457941864
109237,399.69545929704896
109239,821.7109456129649
109243,96.50178283770464
109244,499.77634391779543
109245,63.955086359693745
109248,22.672746301177437
109255,128.89261590094804
109258,717.1528744884998
109266,579.1639229006039
109267,751.2978267711161
109270,122.26357667833146
109271,558.2831455685052
109272,411.6076182135475
109274,999.1943875184319
109287,352.3234783026763
109289,441.53843821912784
109291,277.0060558583882
109292,301.34254937176803
109293,249.52624030398718
109294,981.2688047601143
109302,4.1883663741212
109303,581.5440252401846
109304,142.918233677716
109308,173.9510731993682
109312,890.1664166386804
109314,302.01667643883815
109318,35.59109081573626
109319,466.8774303663407
109320,184.86792269686484
109322,732.0287548241264
109329,406.4615319264893
109337,204.76450473546845
109344,807.2719474697358
109345,831.8665381075639
109346,258.06971966131795
109347,310.6471398600147
109349,65.988275684487
109355,787.0933031664587
109358,920.8649443114315
109359,761.30347789399
109364,33.48870251045081
109366,625.1092370189346
109369,411.46410941112947
109371,926.8421397702645
109372,846.4783188928058
109382,656.1666276217709
109384,688.7070118293831
109386,338.89423545412023
109389,30.820433898720516
109396,7.240739925964891
109400,348.54047000253263
109402,620.7330692177686
109404,740.8907193252729
109406,847.3069687306272
109407,13.587420039176015
109408,825.0994247625448
109413,839.9804093171384
109416,136.9055840989495
109417,479.84258999727575
109421,156.7064580558506
109423,260.4686005476595
109426,325.24362771955606
109427,835.7803092196503
109428,704.4150623874439
109432,112.7212526303672
109434,860.8975994013292
109436,449.08715914564925
109445,106.8207599328019
109452,313.27119996844624
109454,860.912528232623
109455,622.3323874907392
109456,193.14484702600856
109459,327.2453256024568
109460,127.2730691630694
109464,257.17847466743825
109465,572.3533792737372
109466,824.7597499502807
109470,860.1495980877094
109471,403.1851531791855
109476,261.35693726632803
109478,869.4538052123191
109482,32.653030173031105
109488,93.61217856698707
109491,708.7814760101745
109492,587.0299602600816
109494,458.1012592917702
109496,938.9872507579071
109506,415.5935137767569
109509,690.6883986784505
109510,988.761577976369
109514,56.59650462895639
109520,499.9046987587627
109524,949.3801700508329
109533,101.34121952518514
109540,358.6204732142154
109549,338.6259229143382
109552,63.66832655608652
109555,476.7032320607399
109566,676.992209532191
109567,892.8531391864478
109571,120.44832250921085
109573,119.33978726748619
109577,255.65640215322057
109578,665.0351964021835
109579,254.9713250036015
109582,914.7025406182506
109583,178.09247165820506
109586,311.1139666885165
109589,13.20698202453648
109594,852.0887307703009
109595,180.9279427889541
109596,955.2766523515858
109600,366.0005810682681
109609,661.1266886235575
109611,158.20754867555948
109614,124.5674959328897
109616,195.80658512850243
109617,845.9133240914613
109621,614.3377974039662
109625,157.50847107766302
109627,196.3491975285702
109628,920.1633686434096
109635,165.185554031441
109636,680.5427469057928
109640,544.7639987917287
109646,860.0751608707956
109647,845.8344284700418
109648,923.7767370511023
109655,900.0187107364898
109661,478.827337494714
109662,343.0630775948511
109664,85.54015192289725
109673,189.88042065052403
109675,186.34651048358805
109677,467.2847635233407
109679,30.254134840194162
109682,855.3673869315963
109687,682.8529258340027
109689,50.439565538858695
109696,282.41787689626864
109698,444.5441724936977
109701,320.0014423175622
109702,217.43761320681372
109705,395.17677946530927
109706,279.75494259527704
109718,380.3538636583503
109720,749.4308267335282
109721,171.4731953754919
109724,833.9988121851119
109728,341.3292308490905
109733,12.107418425456109
109735,629.4273961952741
109737,264.57973102894306
109740,553.8888344266023
109744,900.4827070216106
109747,693.1864420529862
109748,103.08638364582013
109756,329.6509459510678
109757,642.306071607823
109759,533.7786284057809
109761,203.10570265385846
109762,94.04007475262378
109763,559.515415846301
109766,582.6541946684122
109767,701.1443557621486
109774,51.12618236242414
109778,664.0668591885141
109780,952.033093444293
109786,430.85228765694
109788,276.7230405743797
109790,579.46517640481
109796,89.94549227155682
109798,401.38411802863317
109799,802.1041198983867
109800,1.275776795338424
109803,743.9590762549583
109805,871.5827896115708
109806,334.5558428460746
109814,173.64150870740693
109815,672.2300710006176
109816,233.99477989621604
109818,58.89358151926533
109821,1.4695037658369579
109825,233.3322003369761
109828,78.39800859245334
109829,192.07465794060099
109832,12.796472301933727
109834,930.6875383875289
109835,69.25213846097576
109838,672.7031511362447
109842,549.6897461122662
109853,957.4847765930743
109854,456.3933177282944
109855,976.6575037323298
109856,921.3756238871973
109857,119.3623986031584
109862,9.55607549827972
109865,460.94811632642404
109866,711.7923929382818
109870,578.5301083242399
109871,463.6059532776319
109872,230.13173136032825
109873,718.1452699118054
109880,601.0165561301224
109882,55.86796564265529
109887,667.1733225607312
109888,142.06724458682942
109890,770.1663013785538
109891,410.7065933542321
109892,789.9823252954716
109898,887.7254545845927
109900,208.87258982134455
109901,946.7685671748372
109904,135.27458353656894
109905,642.8401709084939
109911,85.48514142207254
109913,968.6009950800576
109914,227.06226952497116
109917,847.0081675530181
109921,489.7490346673712
109924,851.2132651526391
109925,16.257144553280316
109926,152.1678256357626
109927,44.61528217885265
109930,291.26120066752696
109939,307.0297307567746
109944,113.77529584005202
109949,195.7283202053515
109956,15.219251323315417
109960,366.4593002564615
109961,725.4353140278744
109963,85.49822671276655
109964,39.007567375579654
109969,483.58872697817384
109974,612.6312159230914
109975,254.65219213645486
109979,195.73743595427175
109981,115.06444464453863
109984,546.7449490428595
109990,306.96646250450425
109991,318.92842502167053
109994,5.689941715752694
109999,563.2669179757971
110000,235.6731236552667
